--
-- PostgreSQL database dump
--

-- Dumped from database version 12.17 (Ubuntu 12.17-1.pgdg22.04+1)
-- Dumped by pg_dump version 12.17 (Ubuntu 12.17-1.pgdg22.04+1)

SET statement_timeout = 0;
SET lock_timeout = 0;
SET idle_in_transaction_session_timeout = 0;
SET client_encoding = 'UTF8';
SET standard_conforming_strings = on;
SELECT pg_catalog.set_config('search_path', '', false);
SET check_function_bodies = false;
SET xmloption = content;
SET client_min_messages = warning;
SET row_security = off;

DROP DATABASE universe;
--
-- Name: universe; Type: DATABASE; Schema: -; Owner: freecodecamp
--

CREATE DATABASE universe WITH TEMPLATE = template0 ENCODING = 'UTF8' LC_COLLATE = 'C.UTF-8' LC_CTYPE = 'C.UTF-8';


ALTER DATABASE universe OWNER TO freecodecamp;

\connect universe

SET statement_timeout = 0;
SET lock_timeout = 0;
SET idle_in_transaction_session_timeout = 0;
SET client_encoding = 'UTF8';
SET standard_conforming_strings = on;
SELECT pg_catalog.set_config('search_path', '', false);
SET check_function_bodies = false;
SET xmloption = content;
SET client_min_messages = warning;
SET row_security = off;

SET default_tablespace = '';

SET default_table_access_method = heap;

--
-- Name: astronaut; Type: TABLE; Schema: public; Owner: freecodecamp
--

CREATE TABLE public.astronaut (
    astronaut_id integer NOT NULL,
    name character varying(255) NOT NULL,
    age integer NOT NULL,
    country character varying(255) NOT NULL,
    has_space_experience boolean NOT NULL
);


ALTER TABLE public.astronaut OWNER TO freecodecamp;

--
-- Name: astronaut_astronaut_id_seq; Type: SEQUENCE; Schema: public; Owner: freecodecamp
--

CREATE SEQUENCE public.astronaut_astronaut_id_seq
    AS integer
    START WITH 1
    INCREMENT BY 1
    NO MINVALUE
    NO MAXVALUE
    CACHE 1;


ALTER TABLE public.astronaut_astronaut_id_seq OWNER TO freecodecamp;

--
-- Name: astronaut_astronaut_id_seq; Type: SEQUENCE OWNED BY; Schema: public; Owner: freecodecamp
--

ALTER SEQUENCE public.astronaut_astronaut_id_seq OWNED BY public.astronaut.astronaut_id;


--
-- Name: galaxy; Type: TABLE; Schema: public; Owner: freecodecamp
--

CREATE TABLE public.galaxy (
    galaxy_id integer NOT NULL,
    name character varying(255) NOT NULL,
    type character varying(255) NOT NULL,
    age_in_millions_of_years numeric NOT NULL,
    has_life boolean NOT NULL,
    is_spherical boolean NOT NULL,
    me text
);


ALTER TABLE public.galaxy OWNER TO freecodecamp;

--
-- Name: galaxy_galaxy_id_seq; Type: SEQUENCE; Schema: public; Owner: freecodecamp
--

CREATE SEQUENCE public.galaxy_galaxy_id_seq
    AS integer
    START WITH 1
    INCREMENT BY 1
    NO MINVALUE
    NO MAXVALUE
    CACHE 1;


ALTER TABLE public.galaxy_galaxy_id_seq OWNER TO freecodecamp;

--
-- Name: galaxy_galaxy_id_seq; Type: SEQUENCE OWNED BY; Schema: public; Owner: freecodecamp
--

ALTER SEQUENCE public.galaxy_galaxy_id_seq OWNED BY public.galaxy.galaxy_id;


--
-- Name: moon; Type: TABLE; Schema: public; Owner: freecodecamp
--

CREATE TABLE public.moon (
    moon_id integer NOT NULL,
    name character varying(255) NOT NULL,
    planet_id integer,
    distance_from_planet integer NOT NULL,
    has_life boolean NOT NULL,
    is_spherical boolean NOT NULL
);


ALTER TABLE public.moon OWNER TO freecodecamp;

--
-- Name: moon_moon_id_seq; Type: SEQUENCE; Schema: public; Owner: freecodecamp
--

CREATE SEQUENCE public.moon_moon_id_seq
    AS integer
    START WITH 1
    INCREMENT BY 1
    NO MINVALUE
    NO MAXVALUE
    CACHE 1;


ALTER TABLE public.moon_moon_id_seq OWNER TO freecodecamp;

--
-- Name: moon_moon_id_seq; Type: SEQUENCE OWNED BY; Schema: public; Owner: freecodecamp
--

ALTER SEQUENCE public.moon_moon_id_seq OWNED BY public.moon.moon_id;


--
-- Name: planet; Type: TABLE; Schema: public; Owner: freecodecamp
--

CREATE TABLE public.planet (
    planet_id integer NOT NULL,
    name character varying(255) NOT NULL,
    star_id integer,
    distance_from_star integer NOT NULL,
    has_life boolean NOT NULL,
    is_spherical boolean NOT NULL
);


ALTER TABLE public.planet OWNER TO freecodecamp;

--
-- Name: planet_planet_id_seq; Type: SEQUENCE; Schema: public; Owner: freecodecamp
--

CREATE SEQUENCE public.planet_planet_id_seq
    AS integer
    START WITH 1
    INCREMENT BY 1
    NO MINVALUE
    NO MAXVALUE
    CACHE 1;


ALTER TABLE public.planet_planet_id_seq OWNER TO freecodecamp;

--
-- Name: planet_planet_id_seq; Type: SEQUENCE OWNED BY; Schema: public; Owner: freecodecamp
--

ALTER SEQUENCE public.planet_planet_id_seq OWNED BY public.planet.planet_id;


--
-- Name: star; Type: TABLE; Schema: public; Owner: freecodecamp
--

CREATE TABLE public.star (
    star_id integer NOT NULL,
    name character varying(255) NOT NULL,
    galaxy_id integer,
    mass numeric NOT NULL,
    luminosity numeric NOT NULL,
    is_spherical boolean NOT NULL
);


ALTER TABLE public.star OWNER TO freecodecamp;

--
-- Name: star_star_id_seq; Type: SEQUENCE; Schema: public; Owner: freecodecamp
--

CREATE SEQUENCE public.star_star_id_seq
    AS integer
    START WITH 1
    INCREMENT BY 1
    NO MINVALUE
    NO MAXVALUE
    CACHE 1;


ALTER TABLE public.star_star_id_seq OWNER TO freecodecamp;

--
-- Name: star_star_id_seq; Type: SEQUENCE OWNED BY; Schema: public; Owner: freecodecamp
--

ALTER SEQUENCE public.star_star_id_seq OWNED BY public.star.star_id;


--
-- Name: astronaut astronaut_id; Type: DEFAULT; Schema: public; Owner: freecodecamp
--

ALTER TABLE ONLY public.astronaut ALTER COLUMN astronaut_id SET DEFAULT nextval('public.astronaut_astronaut_id_seq'::regclass);


--
-- Name: galaxy galaxy_id; Type: DEFAULT; Schema: public; Owner: freecodecamp
--

ALTER TABLE ONLY public.galaxy ALTER COLUMN galaxy_id SET DEFAULT nextval('public.galaxy_galaxy_id_seq'::regclass);


--
-- Name: moon moon_id; Type: DEFAULT; Schema: public; Owner: freecodecamp
--

ALTER TABLE ONLY public.moon ALTER COLUMN moon_id SET DEFAULT nextval('public.moon_moon_id_seq'::regclass);


--
-- Name: planet planet_id; Type: DEFAULT; Schema: public; Owner: freecodecamp
--

ALTER TABLE ONLY public.planet ALTER COLUMN planet_id SET DEFAULT nextval('public.planet_planet_id_seq'::regclass);


--
-- Name: star star_id; Type: DEFAULT; Schema: public; Owner: freecodecamp
--

ALTER TABLE ONLY public.star ALTER COLUMN star_id SET DEFAULT nextval('public.star_star_id_seq'::regclass);


--
-- Data for Name: astronaut; Type: TABLE DATA; Schema: public; Owner: freecodecamp
--

INSERT INTO public.astronaut VALUES (1, 'Neil Armstrong', 39, 'USA', true);
INSERT INTO public.astronaut VALUES (2, 'Buzz Aldrin', 39, 'USA', true);
INSERT INTO public.astronaut VALUES (3, 'Yuri Gagarin', 34, 'USSR', true);


--
-- Data for Name: galaxy; Type: TABLE DATA; Schema: public; Owner: freecodecamp
--

INSERT INTO public.galaxy VALUES (1, 'Milky Way', 'Spiral', 13600, true, true, NULL);
INSERT INTO public.galaxy VALUES (2, 'Andromeda', 'Spiral', 10000, false, true, NULL);
INSERT INTO public.galaxy VALUES (3, 'Triangulum', 'Spiral', 9200, false, true, NULL);
INSERT INTO public.galaxy VALUES (4, 'Whirlpool', 'Spiral', 3000, false, true, NULL);
INSERT INTO public.galaxy VALUES (5, 'Pinwheel', 'Spiral', 13000, false, true, NULL);
INSERT INTO public.galaxy VALUES (6, 'Cartwheel', 'Ring', 500, false, true, NULL);


--
-- Data for Name: moon; Type: TABLE DATA; Schema: public; Owner: freecodecamp
--

INSERT INTO public.moon VALUES (1, 'Moon', 1, 0, false, true);
INSERT INTO public.moon VALUES (2, 'Phobos', 2, 0, false, true);
INSERT INTO public.moon VALUES (3, 'Deimos', 2, 0, false, true);
INSERT INTO public.moon VALUES (4, 'Io', 5, 0, false, true);
INSERT INTO public.moon VALUES (5, 'Europa', 5, 0, false, true);
INSERT INTO public.moon VALUES (6, 'Ganymede', 5, 0, false, true);
INSERT INTO public.moon VALUES (7, 'Callisto', 5, 0, false, true);
INSERT INTO public.moon VALUES (8, 'Titan', 6, 0, false, true);
INSERT INTO public.moon VALUES (9, 'Enceladus', 6, 0, false, true);
INSERT INTO public.moon VALUES (10, 'Mimas', 6, 0, false, true);
INSERT INTO public.moon VALUES (11, 'Iapetus', 6, 0, false, true);
INSERT INTO public.moon VALUES (12, 'Dione', 6, 0, false, true);
INSERT INTO public.moon VALUES (13, 'Rhea', 6, 0, false, true);
INSERT INTO public.moon VALUES (14, 'Tethys', 6, 0, false, true);
INSERT INTO public.moon VALUES (15, 'Oberon', 8, 0, false, true);
INSERT INTO public.moon VALUES (16, 'Titania', 8, 0, false, true);
INSERT INTO public.moon VALUES (17, 'Umbriel', 8, 0, false, true);
INSERT INTO public.moon VALUES (18, 'Ariel', 8, 0, false, true);
INSERT INTO public.moon VALUES (19, 'Miranda', 8, 0, false, true);
INSERT INTO public.moon VALUES (20, 'Triton', 7, 0, false, true);


--
-- Data for Name: planet; Type: TABLE DATA; Schema: public; Owner: freecodecamp
--

INSERT INTO public.planet VALUES (1, 'Earth', 1, 1, true, true);
INSERT INTO public.planet VALUES (2, 'Mars', 1, 2, false, true);
INSERT INTO public.planet VALUES (3, 'Venus', 1, 1, false, true);
INSERT INTO public.planet VALUES (4, 'Mercury', 1, 0, false, true);
INSERT INTO public.planet VALUES (5, 'Jupiter', 1, 5, false, true);
INSERT INTO public.planet VALUES (6, 'Saturn', 1, 10, false, true);
INSERT INTO public.planet VALUES (7, 'Neptune', 1, 30, false, true);
INSERT INTO public.planet VALUES (8, 'Uranus', 1, 19, false, true);
INSERT INTO public.planet VALUES (9, 'Alpha Centauri Bb', 2, 0, false, true);
INSERT INTO public.planet VALUES (10, 'Sirius B', 3, 9, false, true);
INSERT INTO public.planet VALUES (11, 'Vega B', 4, 25, false, true);
INSERT INTO public.planet VALUES (12, 'Betelgeuse B', 5, 642, false, true);


--
-- Data for Name: star; Type: TABLE DATA; Schema: public; Owner: freecodecamp
--

INSERT INTO public.star VALUES (1, 'Sun', 1, 1.0, 1.0, true);
INSERT INTO public.star VALUES (2, 'Proxima Centauri', 1, 0.12, 0.0017, true);
INSERT INTO public.star VALUES (3, 'Sirius', 2, 2.02, 25.4, true);
INSERT INTO public.star VALUES (4, 'Vega', 2, 2.1, 40, true);
INSERT INTO public.star VALUES (5, 'Betelgeuse', 3, 20, 126000, true);
INSERT INTO public.star VALUES (6, 'Rigel', 4, 21, 120000, true);


--
-- Name: astronaut_astronaut_id_seq; Type: SEQUENCE SET; Schema: public; Owner: freecodecamp
--

SELECT pg_catalog.setval('public.astronaut_astronaut_id_seq', 3, true);


--
-- Name: galaxy_galaxy_id_seq; Type: SEQUENCE SET; Schema: public; Owner: freecodecamp
--

SELECT pg_catalog.setval('public.galaxy_galaxy_id_seq', 6, true);


--
-- Name: moon_moon_id_seq; Type: SEQUENCE SET; Schema: public; Owner: freecodecamp
--

SELECT pg_catalog.setval('public.moon_moon_id_seq', 20, true);


--
-- Name: planet_planet_id_seq; Type: SEQUENCE SET; Schema: public; Owner: freecodecamp
--

SELECT pg_catalog.setval('public.planet_planet_id_seq', 12, true);


--
-- Name: star_star_id_seq; Type: SEQUENCE SET; Schema: public; Owner: freecodecamp
--

SELECT pg_catalog.setval('public.star_star_id_seq', 6, true);


--
-- Name: astronaut astronaut_name_key; Type: CONSTRAINT; Schema: public; Owner: freecodecamp
--

ALTER TABLE ONLY public.astronaut
    ADD CONSTRAINT astronaut_name_key UNIQUE (name);


--
-- Name: astronaut astronaut_pkey; Type: CONSTRAINT; Schema: public; Owner: freecodecamp
--

ALTER TABLE ONLY public.astronaut
    ADD CONSTRAINT astronaut_pkey PRIMARY KEY (astronaut_id);


--
-- Name: galaxy galaxy_name_key; Type: CONSTRAINT; Schema: public; Owner: freecodecamp
--

ALTER TABLE ONLY public.galaxy
    ADD CONSTRAINT galaxy_name_key UNIQUE (name);


--
-- Name: galaxy galaxy_pkey; Type: CONSTRAINT; Schema: public; Owner: freecodecamp
--

ALTER TABLE ONLY public.galaxy
    ADD CONSTRAINT galaxy_pkey PRIMARY KEY (galaxy_id);


--
-- Name: moon moon_name_key; Type: CONSTRAINT; Schema: public; Owner: freecodecamp
--

ALTER TABLE ONLY public.moon
    ADD CONSTRAINT moon_name_key UNIQUE (name);


--
-- Name: moon moon_pkey; Type: CONSTRAINT; Schema: public; Owner: freecodecamp
--

ALTER TABLE ONLY public.moon
    ADD CONSTRAINT moon_pkey PRIMARY KEY (moon_id);


--
-- Name: planet planet_name_key; Type: CONSTRAINT; Schema: public; Owner: freecodecamp
--

ALTER TABLE ONLY public.planet
    ADD CONSTRAINT planet_name_key UNIQUE (name);


--
-- Name: planet planet_pkey; Type: CONSTRAINT; Schema: public; Owner: freecodecamp
--

ALTER TABLE ONLY public.planet
    ADD CONSTRAINT planet_pkey PRIMARY KEY (planet_id);


--
-- Name: star star_name_key; Type: CONSTRAINT; Schema: public; Owner: freecodecamp
--

ALTER TABLE ONLY public.star
    ADD CONSTRAINT star_name_key UNIQUE (name);


--
-- Name: star star_pkey; Type: CONSTRAINT; Schema: public; Owner: freecodecamp
--

ALTER TABLE ONLY public.star
    ADD CONSTRAINT star_pkey PRIMARY KEY (star_id);


--
-- Name: moon moon_planet_id_fkey; Type: FK CONSTRAINT; Schema: public; Owner: freecodecamp
--

ALTER TABLE ONLY public.moon
    ADD CONSTRAINT moon_planet_id_fkey FOREIGN KEY (planet_id) REFERENCES public.planet(planet_id);


--
-- Name: planet planet_star_id_fkey; Type: FK CONSTRAINT; Schema: public; Owner: freecodecamp
--

ALTER TABLE ONLY public.planet
    ADD CONSTRAINT planet_star_id_fkey FOREIGN KEY (star_id) REFERENCES public.star(star_id);


--
-- Name: star star_galaxy_id_fkey; Type: FK CONSTRAINT; Schema: public; Owner: freecodecamp
--

ALTER TABLE ONLY public.star
    ADD CONSTRAINT star_galaxy_id_fkey FOREIGN KEY (galaxy_id) REFERENCES public.galaxy(galaxy_id);


--
-- PostgreSQL database dump complete
--

